period_date,isin,inflow_count,outflow_count,inflow_amount,outflow_amount
2020-01-02,EE3600019717,193,475,1174784.76,1319277.35
2020-01-02,EE3600019725,1020,2551,3566003.27,14126746.17
2020-01-02,EE3600019733,447,289,2651616.81,801076.75
2020-01-02,EE3600019741,602,720,3535751.03,4302933.33
2020-01-02,EE3600019758,1672,2731,7715328.85,17905003.07
2020-01-02,EE3600019766,1695,2478,5380615.59,10951772.95
2020-01-02,EE3600019774,809,872,6002136.73,5403693.78
2020-01-02,EE3600019782,130,396,1118882.33,1100695.31
2020-01-02,EE3600019824,59,707,552188.16,3122446.63
2020-01-02,EE3600019832,3418,5114,18568828.0,34170757.21
2020-01-02,EE3600098430,1271,1351,12036607.95,9874654.67
2020-01-02,EE3600098448,238,165,2331889.03,1246592.86
2020-01-02,EE3600098455,200,328,2457890.96,896925.75
2020-01-02,EE3600098612,286,215,1376007.97,977583.32
2020-01-02,EE3600103297,2326,1209,8401448.04,4374200.95
2020-01-02,EE3600103503,1477,694,8727241.43,2989101.6
2020-01-02,EE3600103248,2971,2716,10222236.13,10354351.68
2020-01-02,EE3600109401,776,219,5351470.06,782308.04
2020-01-02,EE3600109393,1061,155,2016925.88,236468.69
2020-01-02,EE3600109427,874,176,4494586.93,404898.0
2020-01-02,EE3600109443,188,178,1867551.49,253228.68
2020-01-02,EE3600109435,2065,170,16004668.26,577394.77
2020-01-02,EE3600109476,37,52,59528.2,112666.83
2020-01-02,EE3600001699,147,1,670627.8,37.27
2020-05-04,EE3600019717,418,404,3035798.17,1249928.3
2020-05-04,EE3600019725,683,2390,2098113.07,13632132.87
2020-05-04,EE3600019733,902,278,7389228.5,1672380.04
2020-05-04,EE3600019741,747,793,4940661.9,5844042.0
2020-05-04,EE3600019758,1243,3016,6099594.46,20744950.5
2020-05-04,EE3600019766,1639,2255,4768795.16,10381480.74
2020-05-04,EE3600019774,988,727,6784526.04,4638208.86
2020-05-04,EE3600019782,361,319,3050345.07,1243675.71
2020-05-04,EE3600019824,148,560,927857.45,2639017.94
2020-05-04,EE3600019832,3773,4144,19295880.35,27506548.15
2020-05-04,EE3600098430,664,1344,6035977.5,9510170.89
2020-05-04,EE3600098448,163,192,1584949.89,1367951.71
2020-05-04,EE3600098455,263,318,2481117.31,1112654.99
2020-05-04,EE3600098612,369,204,2045074.44,1047013.07
2020-05-04,EE3600103297,1493,1301,5094493.33,4836622.32
2020-05-04,EE3600103503,992,839,5870579.11,3917877.12
2020-05-04,EE3600103248,2262,2911,10016204.24,11235772.16
2020-05-04,EE3600109401,932,295,6925527.84,650059.34
2020-05-04,EE3600109393,1612,197,4470983.65,270027.46
2020-05-04,EE3600109427,1137,235,6356779.95,363059.53
2020-05-04,EE3600109443,263,184,1765958.52,799436.26
2020-05-04,EE3600109435,1769,280,12354326.15,831658.97
2020-05-04,EE3600109476,39,45,108693.56,47625.58
2020-05-04,EE3600001699,297,17,1611944.74,69213.05
2020-05-04,EE3600001723,91,0,498097.16,0.0
2020-09-01,EE3600019717,90,237,498522.91,905843.4
2020-09-01,EE3600019725,246,1738,832657.53,11211639.11
2020-09-01,EE3600019733,313,217,3247555.29,965573.28
2020-09-01,EE3600019741,261,483,1681357.2,3421924.86
2020-09-01,EE3600019758,564,2108,2753373.6,15222182.09
2020-09-01,EE3600019766,2945,1013,14507238.98,4204416.44
2020-09-01,EE3600019774,422,441,3536937.31,3075018.09
2020-09-01,EE3600019782,50,203,397585.61,1010732.29
2020-09-01,EE3600019824,37,333,225003.97,1606778.21
2020-09-01,EE3600019832,3218,2222,21946059.05,15167005.2
2020-09-01,EE3600098430,971,1085,8991372.7,9662530.74
2020-09-01,EE3600098448,193,151,1884116.05,1380160.22
2020-09-01,EE3600098455,276,168,2642988.66,842612.54
2020-09-01,EE3600098612,81,137,420529.41,526939.61
2020-09-01,EE3600103297,545,990,2069279.18,4065988.13
2020-09-01,EE3600103503,1131,703,5970506.16,4494477.09
2020-09-01,EE3600103248,1034,2144,5088637.55,9669635.77
2020-09-01,EE3600109401,180,248,974882.52,1075241.6
2020-09-01,EE3600109393,1032,226,2798881.54,531062.69
2020-09-01,EE3600109427,326,213,1688432.02,463090.05
2020-09-01,EE3600109443,81,116,656883.75,532317.43
2020-09-01,EE3600109435,834,265,5453756.42,723151.22
2020-09-01,EE3600109476,29,26,76200.6,80270.28
2020-09-01,EE3600001699,157,23,730592.02,77798.54
2020-09-01,EE3600001723,480,6,1851238.18,8199.33
2021-01-04,EE3600019717,239,371,1650426.42,1114228.56
2021-01-04,EE3600019725,509,2910,1546814.69,19352617.72
2021-01-04,EE3600019733,630,288,5607316.99,874652.38
2021-01-04,EE3600019741,393,728,2623567.76,6047863.79
2021-01-04,EE3600019758,963,3295,5088891.89,25358378.52
2021-01-04,EE3600019766,4811,1742,23517457.71,5932277.16
2021-01-04,EE3600019774,514,575,4094586.17,3462478.23
2021-01-04,EE3600019782,86,270,750844.55,1149747.43
2021-01-04,EE3600019824,48,392,477773.06,1549840.11
2021-01-04,EE3600019832,3810,3344,27860958.54,19834493.42
2021-01-04,EE3600098430,62,1831,283885.94,17173735.73
2021-01-04,EE3600098448,10,208,68193.04,1888073.21
2021-01-04,EE3600098455,28,305,293305.72,1485658.18
2021-01-04,EE3600098612,143,211,846755.44,981662.51
2021-01-04,EE3600103297,1103,1625,4686317.07,6867957.89
2021-01-04,EE3600103503,57,1280,292339.92,8160052.09
2021-01-04,EE3600103248,2112,3611,11226907.47,14816084.71
2021-01-04,EE3600109401,396,429,2216069.86,2138260.71
2021-01-04,EE3600109393,2428,425,7309848.93,591488.0
2021-01-04,EE3600109427,815,419,5220404.55,1233764.67
2021-01-04,EE3600109443,128,170,1118098.25,569829.28
2021-01-04,EE3600109435,2575,472,20652154.77,1589205.75
2021-01-04,EE3600001699,287,50,1263057.13,186029.08
2021-01-04,EE3600001723,2879,75,13691444.31,29041.05
2021-05-03,EE3600019717,621,393,4862353.17,1296956.9
2021-05-03,EE3600019725,440,2923,1428868.83,22567313.32
2021-05-03,EE3600019733,914,362,7527797.07,1453794.55
2021-05-03,EE3600019741,366,525,2346319.36,3921172.12
2021-05-03,EE3600019758,832,2844,5305563.29,24253198.27
2021-05-03,EE3600019766,1618,2332,7797404.97,11117476.31
2021-05-03,EE3600019774,143,587,1010678.6,3740481.72
2021-05-03,EE3600019782,90,291,764508.32,1196776.73
2021-05-03,EE3600019824,47,520,288312.18,1980977.32
2021-05-03,EE3600019832,1051,4245,7079822.04,30913592.78
2021-05-03,EE3600098430,232,1267,2047193.87,12143602.68
2021-05-03,EE3600098448,54,96,576788.98,810414.01
2021-05-03,EE3600098455,86,258,798615.4,813919.07
2021-05-03,EE3600098612,196,207,1118707.74,996666.15
2021-05-03,EE3600103297,924,1448,5210558.78,7471531.39
2021-05-03,EE3600103503,459,702,2345602.71,4460151.98
2021-05-03,EE3600103248,1948,2685,13744999.29,12504310.01
2021-05-03,EE3600109401,1384,386,9607423.99,1871735.73
2021-05-03,EE3600109393,2903,375,13208000.16,672419.2
2021-05-03,EE3600109427,1580,407,11422947.72,1191046.11
2021-05-03,EE3600109443,199,237,1449500.61,1202633.33
2021-05-03,EE3600109435,3921,539,28460548.69,1972225.44
2021-05-03,EE3600001699,509,79,2965247.72,286765.16
2021-05-03,EE3600001723,3552,361,18130644.59,659247.8
2021-09-01,EE3600001699,373,50,2154456.91,173428.41
2021-09-01,EE3600001723,2700,696,10207999.0,1875004.3
2021-09-01,EE3600001806,308,5,1179819.8,158.63
2021-09-01,EE3600019717,112,282,862017.56,1046254.75
2021-09-01,EE3600019725,272,1888,921555.24,13814717.52
2021-09-01,EE3600019733,171,243,1653023.53,1895363.59
2021-09-01,EE3600019741,209,394,1580509.5,3344262.24
2021-09-01,EE3600019758,581,2016,5101357.98,16727937.8
2021-09-01,EE3600019766,1022,2005,5750764.12,9630707.38
2021-09-01,EE3600019774,115,566,910701.1,4895445.64
2021-09-01,EE3600019782,27,171,184684.2,851025.31
2021-09-01,EE3600019824,19,417,227324.66,2065898.72
2021-09-01,EE3600019832,933,3852,6828955.87,31779629.15
2021-09-01,EE3600098430,1064,820,10781260.71,7167117.59
2021-09-01,EE3600098448,332,92,3631963.43,759526.83
2021-09-01,EE3600098455,301,169,3159866.53,791889.7
2021-09-01,EE3600098612,70,134,398040.81,811231.8
2021-09-01,EE3600103248,1563,1961,10293355.08,7904815.99
2021-09-01,EE3600103297,818,971,4515050.13,4341939.15
2021-09-01,EE3600103503,2519,562,15116496.02,3234166.6
2021-09-01,EE3600109393,2575,414,9178222.26,658282.47
2021-09-01,EE3600109401,627,245,4734800.22,724257.69
2021-09-01,EE3600109427,867,443,6054175.57,672397.96
2021-09-01,EE3600109435,1370,489,11125306.09,1608626.03
2021-09-01,EE3600109443,67,130,805980.29,583601.36
2022-01-03,EE3600001699,479,116,3193333.02,493029.3
2022-01-03,EE3600001723,3238,891,14249704.59,2393521.46
2022-01-03,EE3600001806,169,78,1055610.14,196198.41
2022-01-03,EE3600001814,735,4,8537602.29,325.96
2022-01-03,EE3600019717,62,294,356863.48,1372152.68
2022-01-03,EE3600019725,275,2213,1070453.93,17280322.83
2022-01-03,EE3600019733,122,257,1332382.84,1175742.12
2022-01-03,EE3600019741,254,482,2194525.63,4248683.86
2022-01-03,EE3600019758,741,2462,5552867.8,22562109.47
2022-01-03,EE3600019766,1072,2108,6126856.11,10490298.85
2022-01-03,EE3600019774,179,540,1396447.44,4765075.01
2022-01-03,EE3600019782,20,232,211840.49,917712.72
2022-01-03,EE3600019824,25,448,108799.49,2094208.28
2022-01-03,EE3600019832,1134,4040,7664612.91,34373380.15
2022-01-03,EE3600098430,701,1278,7264175.75,12655981.26
2022-01-03,EE3600098448,264,207,2777001.91,1824347.76
2022-01-03,EE3600098455,266,224,2432303.32,1207966.52
2022-01-03,EE3600098612,57,172,289148.77,1080398.84
2022-01-03,EE3600103248,1901,2184,15088078.32,10755681.65
2022-01-03,EE3600103297,799,1254,4950506.66,6252953.77
2022-01-03,EE3600103503,1994,1120,10685109.2,6565664.37
2022-01-03,EE3600109393,3227,551,14682388.77,1119937.11
2022-01-03,EE3600109401,1299,329,9784017.42,1122512.94
2022-01-03,EE3600109427,1319,526,9882546.86,953335.11
2022-01-03,EE3600109435,2235,500,16970785.31,2008239.0
2022-01-03,EE3600109443,99,156,744706.55,692889.57
2022-05-02,EE3600001699,354,117,1640010.06,465930.68
2022-05-02,EE3600001723,1043,1523,3991305.69,5235230.25
2022-05-02,EE3600001806,77,66,488784.94,267950.1
2022-05-02,EE3600001814,676,63,6160136.61,458140.85
2022-05-02,EE3600019717,91,241,761553.79,877681.33
2022-05-02,EE3600019725,245,1711,1037493.87,12284367.12
2022-05-02,EE3600019733,188,233,2260826.75,998949.45
2022-05-02,EE3600019741,298,403,2735375.3,3613413.89
2022-05-02,EE3600019758,780,1903,5322472.47,16515912.91
2022-05-02,EE3600019766,1160,1800,5913040.81,9782464.75
2022-05-02,EE3600019774,243,438,1840111.68,3739538.01
2022-05-02,EE3600019782,38,186,313337.19,576762.75
2022-05-02,EE3600019824,42,340,471549.06,1586530.79
2022-05-02,EE3600019832,1739,3144,12164800.28,26874722.08
2022-05-02,EE3600098430,697,1218,7015186.73,11565523.52
2022-05-02,EE3600098448,248,220,2389709.69,1999675.91
2022-05-02,EE3600098455,345,251,3558695.12,1161786.72
2022-05-02,EE3600098612,75,136,362238.18,810203.92
2022-05-02,EE3600103248,1570,2140,10492481.84,10405212.82
2022-05-02,EE3600103297,669,1035,3520707.04,4793592.76
2022-05-02,EE3600103503,1720,1222,8971679.24,6140297.98
2022-05-02,EE3600109393,3144,633,11808799.98,1480529.99
2022-05-02,EE3600109401,1261,524,5855515.27,1327079.26
2022-05-02,EE3600109427,1302,599,7714903.48,1199775.56
2022-05-02,EE3600109435,2581,437,18929443.18,1907383.66
2022-05-02,EE3600109443,114,117,794779.2,446280.39
2022-09-01,EE3600001699,185,85,875398.41,424800.45
2022-09-01,EE3600001723,280,768,782511.04,2778527.3
2022-09-01,EE3600001806,24,56,138967.6,182092.64
2022-09-01,EE3600001814,293,99,2204930.4,304640.82
2022-09-01,EE3600019717,55,174,322449.49,624018.57
2022-09-01,EE3600019725,165,905,718061.54,6368728.27
2022-09-01,EE3600019733,361,211,5324201.37,1055096.04
2022-09-01,EE3600019741,1975,681,24537997.07,7767197.23
2022-09-01,EE3600019758,1290,3714,12116903.82,40486477.87
2022-09-01,EE3600019766,862,996,4190205.9,4117510.87
2022-09-01,EE3600019774,258,178,2016254.5,1336803.96
2022-09-01,EE3600019782,25,78,251598.62,304733.04
2022-09-01,EE3600019824,46,160,326977.77,728991.32
2022-09-01,EE3600019832,2020,1420,14035625.69,9345794.7
2022-09-01,EE3600098430,262,884,2325729.06,8380612.66
2022-09-01,EE3600098448,121,197,1202574.67,1516649.92
2022-09-01,EE3600098455,103,209,1059134.84,1437386.84
2022-09-01,EE3600098612,62,72,356739.94,358091.94
2022-09-01,EE3600103248,1902,5080,14795661.73,25073098.44
2022-09-01,EE3600103297,438,605,1997858.14,2770342.22
2022-09-01,EE3600103503,871,1026,4322298.11,5657601.06
2022-09-01,EE3600109393,5707,710,20362936.68,2202451.36
2022-09-01,EE3600109401,669,518,1836646.58,1023768.9
2022-09-01,EE3600109427,757,500,3691657.28,763718.17
2022-09-01,EE3600109435,996,355,6734066.36,1537575.56
2022-09-01,EE3600109443,45,91,331454.0,312130.46
2023-01-02,EE3600001699,208,113,694389.67,431667.17
2023-01-02,EE3600001723,548,833,1589702.52,2403718.49
2023-01-02,EE3600001806,19,54,73254.03,178265.39
2023-01-02,EE3600001814,360,219,2597355.43,277506.25
2023-01-02,EE3600019717,47,186,328691.18,735369.61
2023-01-02,EE3600019725,153,1147,689336.89,8622136.42
2023-01-02,EE3600019733,148,179,1523767.47,1046727.35
2023-01-02,EE3600019741,947,393,10000234.76,3396199.83
2023-01-02,EE3600019758,856,2161,6741698.68,19657354.02
2023-01-02,EE3600019766,1063,1179,4715209.53,5878077.54
2023-01-02,EE3600019774,310,208,2861191.01,1556325.37
2023-01-02,EE3600019782,17,105,82548.08,385253.5
2023-01-02,EE3600019824,29,208,251663.04,1072327.53
2023-01-02,EE3600019832,2778,1904,18535621.56,13655264.38
2023-01-02,EE3600098430,171,1201,1515324.77,12085461.73
2023-01-02,EE3600098448,56,239,591295.0,2346699.73
2023-01-02,EE3600098455,88,259,976193.3,1645001.85
2023-01-02,EE3600098612,37,89,198515.62,479411.24
2023-01-02,EE3600103248,1566,3172,10529285.33,14352495.27
2023-01-02,EE3600103297,410,890,2045412.7,3991470.88
2023-01-02,EE3600103503,1116,1283,6937599.44,6989472.18
2023-01-02,EE3600109393,4844,835,16671452.13,1900612.77
2023-01-02,EE3600109401,881,832,2815518.73,1442746.29
2023-01-02,EE3600109427,1196,863,6350863.78,1192705.87
2023-01-02,EE3600109435,1291,518,8756306.09,2277668.06
2023-01-02,EE3600109443,49,118,449271.07,521763.09
2023-05-02,EE3600001699,351,128,1582198.17,730090.49
2023-05-02,EE3600001723,415,1024,1207935.31,3435527.75
2023-05-02,EE3600001806,32,56,148539.29,208558.01
2023-05-02,EE3600001814,363,367,2833688.02,596830.42
2023-05-02,EE3600001848,364,1,274274.51,93.17
2023-05-02,EE3600019717,45,187,295236.29,734397.68
2023-05-02,EE3600019725,143,1304,441863.4,11352366.24
2023-05-02,EE3600019733,72,194,744842.41,1077035.86
2023-05-02,EE3600019741,795,414,7634567.77,3835539.2
2023-05-02,EE3600019758,872,2199,7103226.3,21915880.9
2023-05-02,EE3600019766,2185,1362,12463978.08,6887203.41
2023-05-02,EE3600019774,336,232,2879015.19,1965458.27
2023-05-02,EE3600019782,15,121,63067.29,701914.43
2023-05-02,EE3600019824,22,233,248423.5,1438974.03
2023-05-02,EE3600019832,2118,2522,16848584.08,21234678.94
2023-05-02,EE3600098430,386,1271,4354889.84,12947441.49
2023-05-02,EE3600098448,63,197,568843.66,1827508.92
2023-05-02,EE3600098455,151,254,1659081.43,1724885.0
2023-05-02,EE3600098612,61,108,395132.35,629891.25
2023-05-02,EE3600103248,1762,3109,12484203.98,16491845.09
2023-05-02,EE3600103297,585,884,3559593.63,4937283.55
2023-05-02,EE3600103503,1359,1487,9736754.61,8967263.31
2023-05-02,EE3600109393,4692,1018,19067662.16,2671828.73
2023-05-02,EE3600109401,783,1070,3663454.27,1985722.97
2023-05-02,EE3600109427,1712,974,9685429.19,1504313.67
2023-05-02,EE3600109435,1721,622,13156150.1,3105151.31
2023-05-02,EE3600109443,59,124,457166.32,650117.06
2023-09-01,EE3600001699,570,101,3774213.13,539058.37
2023-09-01,EE3600001723,202,872,696585.4,3693755.9
2023-09-01,EE3600001806,40,35,262453.35,153139.21
2023-09-01,EE3600001814,488,316,5367835.52,359513.98
2023-09-01,EE3600001848,743,18,565689.01,6951.51
2023-09-01,EE3600019717,25,158,97799.6,784068.05
2023-09-01,EE3600019725,120,1216,611961.91,11443993.19
2023-09-01,EE3600019733,120,200,1515152.77,1474282.82
2023-09-01,EE3600019741,939,411,10813625.95,4414531.27
2023-09-01,EE3600019758,965,2160,9049212.18,23678407.56
2023-09-01,EE3600019766,1597,1697,9449316.69,11720885.62
2023-09-01,EE3600019774,203,369,2266799.1,3906081.81
2023-09-01,EE3600019782,14,104,141250.31,525479.06
2023-09-01,EE3600019824,19,182,97165.37,1335611.77
2023-09-01,EE3600019832,1144,3170,8871298.15,35421068.03
2023-09-01,EE3600098430,501,900,6272205.78,10323405.19
2023-09-01,EE3600098448,47,161,513934.91,1716095.16
2023-09-01,EE3600098455,39,176,385247.93,1308968.06
2023-09-01,EE3600098612,40,99,156272.02,724923.12
2023-09-01,EE3600103248,1716,2454,12735364.67,15328078.71
2023-09-01,EE3600103297,483,691,3545216.19,4542231.77
2023-09-01,EE3600103503,2487,1093,23930887.36,6443495.87
2023-09-01,EE3600109393,3573,764,17044489.72,2213394.95
2023-09-01,EE3600109401,610,947,3855760.61,2111931.1
2023-09-01,EE3600109427,1466,883,10913367.46,1781122.56
2023-09-01,EE3600109435,1494,407,15703138.45,2632046.37
2023-09-01,EE3600109443,43,104,430638.43,484360.96
2024-01-02,EE3600001699,875,123,6185770.9,695839.5
2024-01-02,EE3600001723,67,1281,288066.58,5412033.72
2024-01-02,EE3600001806,43,34,187342.63,220693.13
2024-01-02,EE3600001814,727,337,8403818.73,746414.93
2024-01-02,EE3600001848,668,67,665712.79,58569.24
2024-01-02,EE3600019717,16,160,147140.66,974610.03
2024-01-02,EE3600019725,173,1215,1040695.91,12955277.27
2024-01-02,EE3600019733,107,163,1410325.6,1197135.79
2024-01-02,EE3600019741,600,398,7684266.88,5155249.99
2024-01-02,EE3600019758,828,1923,8613901.29,24190797.86
2024-01-02,EE3600019766,1836,1971,11414212.76,14938697.26
2024-01-02,EE3600019774,210,281,1768397.3,3096214.5
2024-01-02,EE3600019782,13,110,66222.47,624682.19
2024-01-02,EE3600019824,23,210,169888.37,1499212.94
2024-01-02,EE3600019832,1516,3192,13559543.85,38156091.15
2024-01-02,EE3600098430,237,991,2750384.74,12255532.59
2024-01-02,EE3600098448,4,113,15791.94,1444926.27
2024-01-02,EE3600098455,7,153,75819.83,1002831.9
2024-01-02,EE3600098612,36,91,196139.77,689396.14
2024-01-02,EE3600103248,1506,2356,12931564.12,18283052.49
2024-01-02,EE3600103297,169,802,1219349.19,6000138.02
2024-01-02,EE3600103503,2275,1542,24819314.18,10513801.22
2024-01-02,EE3600109393,3909,889,23060293.88,3750144.2
2024-01-02,EE3600109401,709,1040,5055500.03,3858815.66
2024-01-02,EE3600109427,1669,922,14102422.12,2378371.81
2024-01-02,EE3600109435,2626,446,27656464.07,3589104.91
2024-01-02,EE3600109443,80,119,888318.52,689034.4
2024-05-02,EE3600001699,1062,807,7852127.03,6766072.68
2024-05-02,EE3600001723,65,1253,143121.82,5232918.79
2024-05-02,EE3600001806,49,42,220422.87,206780.7
2024-05-02,EE3600001814,1086,407,12121894.5,1154358.06
2024-05-02,EE3600001848,572,104,599851.4,90283.86
2024-05-02,EE3600019717,15,195,95560.61,1085835.28
2024-05-02,EE3600019725,173,1354,1246937.69,14161575.9
2024-05-02,EE3600019733,73,138,929695.87,1026795.54
2024-05-02,EE3600019741,492,435,5901804.45,4826827.24
2024-05-02,EE3600019758,766,1873,8463282.91,22710657.23
2024-05-02,EE3600019766,2427,2398,11118321.71,18187239.63
2024-05-02,EE3600019774,222,414,1975725.19,4917332.57
2024-05-02,EE3600019782,6,99,7719.03,527392.73
2024-05-02,EE3600019824,30,204,220932.65,1761383.75
2024-05-02,EE3600019832,1211,3945,10535353.97,54188641.99
2024-05-02,EE3600098430,137,912,1517339.83,12227143.34
2024-05-02,EE3600098448,8,107,36519.59,1573299.68
2024-05-02,EE3600098455,5,139,64840.19,934515.19
2024-05-02,EE3600098612,35,123,445639.21,1070467.47
2024-05-02,EE3600103248,1340,2399,12920933.57,19581980.0
2024-05-02,EE3600103503,3712,1505,45840911.31,10806905.58
2024-05-02,EE3600109393,3932,1009,25374889.74,3757698.0
2024-05-02,EE3600109401,718,1078,5310090.84,4781138.84
2024-05-02,EE3600109427,1526,1012,14120135.44,2964391.54
2024-05-02,EE3600109435,2713,413,30113440.3,3326882.1
2024-05-02,EE3600109443,113,123,1446710.94,755684.97
2024-09-02,EE3600001699,973,735,7603972.08,5579641.27
2024-09-02,EE3600001723,35,835,100256.21,3533477.14
2024-09-02,EE3600001806,16,33,58644.31,221776.84
2024-09-02,EE3600001814,831,470,6891396.89,1221969.3
2024-09-02,EE3600001848,533,122,589374.49,128588.71
2024-09-02,EE3600019717,10,125,218438.51,950641.81
2024-09-02,EE3600019725,182,1188,1493975.09,13636086.18
2024-09-02,EE3600019733,33,128,526943.9,776654.6
2024-09-02,EE3600019741,357,369,5299763.17,4827369.41
2024-09-02,EE3600019758,706,1408,7272716.53,19691201.85
2024-09-02,EE3600019766,2637,2148,13696078.35,15145284.06
2024-09-02,EE3600019774,205,373,2005000.76,4935687.7
2024-09-02,EE3600019782,7,88,122282.31,618147.47
2024-09-02,EE3600019824,26,184,148367.52,1611817.76
2024-09-02,EE3600019832,1057,3074,9813206.69,41592215.9
2024-09-02,EE3600098430,118,726,1609517.13,10600226.59
2024-09-02,EE3600098448,6,96,76669.18,1386653.33
2024-09-02,EE3600098455,3,103,39356.39,780510.82
2024-09-02,EE3600098612,40,97,401235.19,785044.64
2024-09-02,EE3600103248,984,1800,10082971.87,15006198.42
2024-09-02,EE3600103503,3109,1736,37661980.8,14317305.3
2024-09-02,EE3600109393,3046,1004,20442609.01,4152177.75
2024-09-02,EE3600109401,521,886,5065786.46,3325762.41
2024-09-02,EE3600109427,1412,953,12969784.6,2923569.22
2024-09-02,EE3600109435,2187,337,25580618.32,2657949.45
2024-09-02,EE3600109443,79,95,1257127.07,622114.9
2025-01-02,EE3600001699,921,726,7930075.05,6834048.06
2025-01-02,EE3600001723,29,897,105855.97,4181304.19
2025-01-02,EE3600001806,58,38,812441.95,298355.57
2025-01-02,EE3600001814,899,485,9446297.2,1812987.71
2025-01-02,EE3600001848,588,147,712208.89,167271.35
2025-01-02,EE3600019717,16,142,227498.52,935915.31
2025-01-02,EE3600019725,230,1259,2223005.32,16104003.07
2025-01-02,EE3600019733,66,128,923335.58,1050403.9
2025-01-02,EE3600019741,455,425,6342799.85,5926246.08
2025-01-02,EE3600019758,780,1597,10208310.39,23438353.08
2025-01-02,EE3600019766,2365,2558,13758031.82,19480048.88
2025-01-02,EE3600019774,257,433,2725059.89,5784171.89
2025-01-02,EE3600019782,14,75,156017.13,511455.28
2025-01-02,EE3600019824,28,176,329590.36,1771860.0
2025-01-02,EE3600019832,1060,3658,9521843.5,54933791.78
2025-01-02,EE3600098430,162,705,2093032.71,11866483.25
2025-01-02,EE3600098448,15,105,176192.72,1250341.93
2025-01-02,EE3600098455,8,102,102991.82,766826.6
2025-01-02,EE3600098612,38,86,488032.7,753685.8
2025-01-02,EE3600103248,914,1779,9196322.76,17395144.48
2025-01-02,EE3600103503,4186,1957,53758721.13,16786673.8
2025-01-02,EE3600109393,3032,994,23694294.38,5085242.0
2025-01-02,EE3600109401,611,840,6223645.35,3663024.01
2025-01-02,EE3600109427,1534,949,15631815.66,3651038.72
2025-01-02,EE3600109435,2404,402,30724789.02,3741294.6
2025-01-02,EE3600109443,104,111,1410510.5,732748.83
2025-05-02,EE3600001699,952,677,7915381.01,5424535.53
2025-05-02,EE3600001723,31,880,46647.18,3773737.48
2025-05-02,EE3600001806,93,39,966092.28,197221.6
2025-05-02,EE3600001814,742,568,7080551.68,2512363.36
2025-05-02,EE3600001848,455,171,617214.74,199238.59
2025-05-02,EE3600019717,29,144,507877.48,1090791.97
2025-05-02,EE3600019725,184,1344,1368599.05,16110660.73
2025-05-02,EE3600019733,87,118,1176731.18,1078878.6
2025-05-02,EE3600019741,317,393,3647823.52,5613390.27
2025-05-02,EE3600019758,653,1315,8291850.57,17333057.76
2025-05-02,EE3600019766,2838,2250,15230298.85,17973334.54
2025-05-02,EE3600019774,261,372,2247268.09,5488144.09
2025-05-02,EE3600019782,26,74,269910.17,496611.51
2025-05-02,EE3600019824,43,169,397431.54,1459846.79
2025-05-02,EE3600019832,1582,2785,13992711.93,41014312.74
2025-05-02,EE3600098430,188,652,2636083.12,8850667.69
2025-05-02,EE3600098448,20,80,302875.28,1074274.21
2025-05-02,EE3600098455,20,101,270322.78,746189.98
2025-05-02,EE3600098612,41,102,921503.11,732989.4
2025-05-02,EE3600103248,730,1533,7580930.98,13027578.46
2025-05-02,EE3600103503,3231,2387,40082703.21,19678891.22
2025-05-02,EE3600109393,2366,1040,17935261.09,4977763.5
2025-05-02,EE3600109401,786,797,6970696.19,3493959.37
2025-05-02,EE3600109427,1360,936,12895470.23,4090581.26
2025-05-02,EE3600109435,2336,392,26592701.42,3327044.69
2025-05-02,EE3600109443,81,133,923959.02,1102830.36
2025-09-01,EE3600001699,590,437,6378574.35,4465007.95
2025-09-01,EE3600001723,13,696,12162.14,3650982.82
2025-09-01,EE3600001806,117,71,1145521.72,165628.13
2025-09-01,EE3600001814,568,405,3806869.25,2438340.19
2025-09-01,EE3600001848,471,98,621669.56,187086.92
2025-09-01,EE3600019717,35,96,486624.81,873848.37
2025-09-01,EE3600019725,126,829,1247631.81,12394265.01
2025-09-01,EE3600019733,87,89,1435761.13,619090.4
2025-09-01,EE3600019741,318,275,4228856.78,4154189.99
2025-09-01,EE3600019758,500,920,6166977.63,14181520.47
2025-09-01,EE3600019766,548,1777,4800705.9,15648542.09
2025-09-01,EE3600019774,183,347,1522628.32,4904588.6
2025-09-01,EE3600019782,16,64,201413.31,539452.11
2025-09-01,EE3600019824,25,152,312764.42,1499003.61
2025-09-01,EE3600019832,589,2307,5355864.03,36481379.58
2025-09-01,EE3600098430,534,487,8265156.07,6956264.34
2025-09-01,EE3600098448,66,43,898616.33,375836.72
2025-09-01,EE3600098455,25,48,299863.54,378405.48
2025-09-01,EE3600098612,45,54,1009540.58,521064.7
2025-09-01,EE3600103248,610,1034,6911042.03,11540773.74
2025-09-01,EE3600103503,3331,1665,42211603.27,15844561.6
2025-09-01,EE3600109393,1709,582,13897406.17,4370247.49
2025-09-01,EE3600109401,751,755,6916660.63,2692358.51
2025-09-01,EE3600109427,1289,686,12163652.1,3410895.06
2025-09-01,EE3600109435,1694,281,21345874.86,2909548.03
2025-09-01,EE3600109443,69,111,724930.85,1165489.68
2026-01-02,EE3600001699,567,542,5917095.29,5883926.04
2026-01-02,EE3600001806,138,128,1199623.93,215343.71
2026-01-02,EE3600001814,650,436,6146533.24,2821929.15
2026-01-02,EE3600001848,592,132,943591.17,251275.84
2026-01-02,EE3600019717,27,94,357220.9,588691.1
2026-01-02,EE3600019725,129,854,1764061.09,13130078.17
2026-01-02,EE3600019733,63,80,1105513.8,942528.52
2026-01-02,EE3600019741,265,259,3413827.86,4625578.64
2026-01-02,EE3600019758,573,1048,9372703.81,18122100.87
2026-01-02,EE3600019766,604,2130,5821493.26,19699261.53
2026-01-02,EE3600019774,108,352,1116922.02,5025016.48
2026-01-02,EE3600019782,57,54,791548.8,503841.53
2026-01-02,EE3600019832,385,2322,3830926.09,40487469.18
2026-01-02,EE3600098430,376,491,6437407.02,8499933.09
2026-01-02,EE3600098448,92,63,1450559.44,537625.95
2026-01-02,EE3600098455,74,76,1003243.65,392303.76
2026-01-02,EE3600098612,48,75,751053.6,934600.36
2026-01-02,EE3600103248,713,1228,9539394.96,14709336.26
2026-01-02,EE3600103503,3043,2104,36969146.25,22143505.0
2026-01-02,EE3600109393,1832,872,17994151.29,7067790.03
2026-01-02,EE3600109401,1673,789,20144339.0,2643847.4
2026-01-02,EE3600109427,1731,809,20849972.75,4729290.99
2026-01-02,EE3600109435,1557,304,20788652.7,3332106.66
2026-01-02,EE3600109443,46,101,643339.01,1064940.67
