month,fund_assets_eur,contributions_funds_eur,contributions_pik_eur,epi_ii,epi_ii_date
2002-07,5754758.63,,,99.99,2002-07-31
2002-08,6160882.3,,,100.63,2002-08-31
2002-09,7444864.17,,,100.24,2002-09-30
2002-10,8672543.73,,,100.57,2002-10-31
2002-11,9957136.51,,,101.64,2002-11-30
2002-12,11031166.04,,,101.307228,2002-12-31
2003-01,12461532.03,1501284.06,0.0,100.881738,2003-01-31
2003-02,15229305.51,2565028.24,0.0,100.891868,2003-02-28
2003-03,19385879.83,4393624.51,0.0,100.942522,2003-03-31
2003-04,23991296.07,4298645.44,0.0,102.826836,2003-04-30
2003-05,29211929.5,4939492.93,0.0,104.407229,2003-05-31
2003-06,33930473.05,4390733.75,0.0,105.805269,2003-06-30
2003-07,39161266.68,5218250.25,0.0,105.936968,2003-07-31
2003-08,44565250.71,4762686.14,0.0,107.851675,2003-08-31
2003-09,49045106.0,4832379.52,0.0,107.304616,2003-09-30
2003-10,53871332.02,4559341.81,0.0,108.003636,2003-10-31
2003-11,58174651.1,4576433.07,0.0,107.689583,2003-11-30
2003-12,63600967.63,4590626.19,0.0,108.999346,2003-12-31
2004-01,70434342.45,5580786.52,0.0,111.201133,2004-01-28
2004-02,76673972.93,4975927.24,0.0,112.127628,2004-02-25
2004-03,84505286.75,6696691.89,0.0,114.558313,2004-03-31
2004-04,90948170.22,7175786.96,0.0,114.394814,2004-04-28
2004-05,97461381.51,7225862.92,0.0,112.563625,2004-05-26
2004-06,105471968.42,7016088.51,0.0,113.293921,2004-06-30
2004-07,113240213.93,8353889.81,0.0,112.269327,2004-07-28
2004-08,121988020.33,7756577.43,0.0,113.501019,2004-08-25
2004-09,130222788.37,7070985.15,0.0,115.10331,2004-09-29
2004-10,139024165.03,7053663.29,0.0,116.051604,2004-10-27
2004-11,148856314.94,7279295.11,0.0,118.43869,2004-11-24
2004-12,158889438.44,8280911.83,0.0,119.839672,2004-12-31
2005-01,169681274.29,8962021.85,0.0,121.373619,2005-01-31
2005-02,182599805.36,7771385.08,0.0,124.105964,2005-02-28
2005-03,189238610.05,9127192.72,0.0,122.607968,2005-03-31
2005-04,195709073.63,9068759.14,0.0,122.116625,2005-04-30
2005-05,209185586.03,9227502.78,0.0,124.645243,2005-05-31
2005-06,222315508.64,9064713.51,0.0,127.101956,2005-06-30
2005-07,236774395.05,10765363.77,0.0,129.223118,2005-07-31
2005-08,249700857.28,9985268.5,0.0,130.805002,2005-08-31
2005-09,266673795.52,9362950.51,0.0,134.831615,2005-09-30
2005-10,269255609.47,9440032.4,0.0,131.536024,2005-10-31
2005-11,283504840.08,9659487.14,0.0,133.848929,2005-11-30
2005-12,297471151.32,10302231.43,0.0,135.556631,2005-12-31
2006-01,314592814.54,11939272.8,0.0,137.915317,2006-01-31
2006-02,327991633.9,10085897.21,0.0,139.447107,2006-02-28
2006-03,337024419.39,12278787.75,0.0,137.793316,2006-03-31
2006-04,350864754.59,11348508.7,0.0,139.203105,2006-04-30
2006-05,350854652.96,11823487.47,0.0,134.689069,2006-05-31
2006-06,359398307.73,12117830.41,0.0,132.276161,2006-06-30
2006-07,380081746.78,14784949.17,0.0,135.515964,2006-07-31
2006-08,396619853.02,12919760.26,0.0,136.817308,2006-08-31
2006-09,411919433.04,11877329.58,0.0,137.820427,2006-09-30
2006-10,434694899.85,12883901.17,0.0,140.951785,2006-10-31
2006-11,453797118.6,13172740.36,0.0,142.822467,2006-11-25
2006-12,475197665.15,13227243.87,0.0,145.373997,2006-12-31
2007-01,496965622.26,16376026.73,0.0,147.292934,2007-01-31
2007-02,507497798.29,12378270.6,0.0,146.900424,2007-02-28
2007-03,529267687.36,16903034.52,0.0,147.787205,2007-03-31
2007-04,551808180.08,15532647.88,0.0,150.258563,2007-04-30
2007-05,573518735.91,15932994.91,0.0,151.523317,2007-05-31
2007-06,596668718.67,16209563.41,0.0,152.933445,2007-06-30
2007-07,615665276.74,19650519.8,0.0,153.340492,2007-07-31
2007-08,625457901.7,17250317.33,0.0,150.810984,2007-08-31
2007-09,652083794.62,15100071.15,0.0,154.314498,2007-09-30
2007-10,682851317.03,17057074.4,0.0,157.59995,2007-10-31
2007-11,681139308.63,16755897.01,0.0,152.395561,2007-11-30
2007-12,702422745.63,16297597.92,0.0,154.321991,2007-12-31
2008-01,691328121.09,21144229.15,0.0,147.331205,2008-01-28
2008-02,715934868.86,19048746.14,0.0,148.936153,2008-02-25
2008-03,719463369.11,19157310.19,0.0,145.40218,2008-03-31
2008-04,750874072.26,19723591.63,0.0,147.701577,2008-04-28
2008-05,779959925.04,19176614.81,0.0,149.152204,2008-05-26
2008-06,779164697.95,19617619.75,0.0,147.516391,2008-06-24
2008-07,802658677.57,23513248.49,0.0,144.970078,2008-07-29
2008-08,820611353.33,20152708.2,0.0,145.355883,2008-08-26
2008-09,795052642.82,18064574.75,0.0,137.871267,2008-09-30
2008-10,723842377.48,19523424.87,0.0,118.565586,2008-10-28
2008-11,726516011.12,19217963.17,0.0,118.133484,2008-11-25
2008-12,726717442.0,17632522.66,0.0,116.846985,2008-12-31
2009-01,744268136.83,23980422.09,0.0,115.853786,2009-01-31
2009-02,737993314.31,16969305.05,0.0,112.465223,2009-02-28
2009-03,764575237.53,17895513.2,0.0,113.703801,2009-03-31
2009-04,810363556.43,17396586.0,0.0,117.594806,2009-04-30
2009-05,843388880.3,17168738.3,0.0,120.410818,2009-05-31
2009-06,862882043.94,15891083.25,0.0,120.796413,2009-06-30
2009-07,889556878.39,2990294.92,0.0,123.881173,2009-07-31
2009-08,907248866.98,434487.23,0.0,126.884141,2009-08-31
2009-09,917228214.41,1439564.44,0.0,128.09935,2009-09-30
2009-10,916128052.39,559206.08,0.0,127.690385,2009-10-31
2009-11,925614023.12,1610312.68,0.0,129.06918,2009-11-30
2009-12,942477007.89,351978.44,0.0,131.656315,2009-12-31
2010-01,952471707.03,212422.11,0.0,133.157197,2010-01-31
2010-02,960601247.44,2857829.4,0.0,133.933969,2010-02-28
2010-03,997329891.6,3253544.31,0.0,138.647265,2010-03-31
2010-04,1008090914.49,3235635.92,0.0,139.608356,2010-04-30
2010-05,996261156.71,3242133.91,0.0,137.712505,2010-05-31
2010-06,993899006.93,3273905.07,0.0,136.988395,2010-06-30
2010-07,1009501760.36,3866913.96,0.0,138.489277,2010-07-31
2010-08,1018623227.85,3458147.46,0.0,139.463534,2010-08-31
2010-09,1030378128.03,3336456.16,0.0,140.661607,2010-09-30
2010-10,1038465547.39,3015405.84,0.0,141.398882,2010-10-31
2010-11,1046569850.82,3787399.5,0.0,142.070329,2010-11-30
2010-12,1064450119.27,3256106.95,0.0,144.466796,2010-12-31
2011-01,1067402795.83,3793884.4,0.0,144.163415,2011-01-31
2011-02,1078410546.4,8932295.14,0.0,144.510136,2011-02-28
2011-03,1081654141.65,10234684.53,0.0,143.628888,2011-03-31
2011-04,1093925808.54,10572234.79,0.0,143.845588,2011-04-30
2011-05,1105579282.94,10881071.8,0.0,144.148969,2011-05-31
2011-06,1107763031.82,10675395.12,0.0,143.108808,2011-06-30
2011-07,1124956904.34,12736910.11,0.0,143.773355,2011-07-31
2011-08,1098561485.79,11320440.41,0.0,139.034844,2011-08-31
2011-09,1085568177.08,10057145.21,0.0,136.232188,2011-09-30
2011-10,1117634962.94,10780609.26,0.0,138.948164,2011-10-31
2011-11,1102774447.39,11043276.24,0.0,135.827681,2011-11-30
2011-12,1130373459.71,11221054.69,0.0,137.908815,2011-12-31
2012-01,1173390568.71,12559598.89,0.0,141.549608,2012-01-28
2012-02,1211742825.51,17163021.51,0.0,143.866476,2012-02-25
2012-03,1232019063.52,18594953.57,0.0,144.624974,2012-03-31
2012-04,1251115853.15,20168375.47,0.0,144.156084,2012-04-28
2012-05,1252367456.81,19946668.35,0.0,142.349479,2012-05-26
2012-06,1282393090.24,20075089.76,0.0,143.494122,2012-06-30
2012-07,1337687409.1,23248237.61,0.0,146.224717,2012-07-28
2012-08,1363809103.93,20702709.06,0.0,148.693284,2012-08-25
2012-09,1389567146.88,18531393.12,0.0,149.162174,2012-09-29
2012-10,1408334695.81,20033258.99,0.0,148.94152,2012-10-27
2012-11,1436141666.27,20191887.34,0.0,149.272501,2012-11-24
2012-12,1467341730.33,19570367.79,0.0,151.028929,2012-12-31
2013-01,1492559621.8,24184776.8,0.0,151.45181,2013-01-31
2013-02,1523523418.34,19838308.57,0.0,152.644938,2013-02-28
2013-03,1556708061.56,20362004.33,0.0,154.109919,2013-03-31
2013-04,1584439415.13,20776082.17,0.0,154.744241,2013-04-30
2013-05,1607218375.67,22103582.83,0.0,155.363459,2013-05-31
2013-06,1589735330.46,22027153.81,0.0,151.376295,2013-06-30
2013-07,1630660470.37,25126790.86,0.0,153.007408,2013-07-31
2013-08,1640678857.68,22583339.85,0.0,151.92,2013-08-31
2013-09,1681685910.41,21144390.45,0.0,153.85317,2013-09-30
2013-10,1726227793.79,22213644.46,0.0,155.997781,2013-10-31
2013-11,1751350998.9,22158682.74,0.0,156.299839,2013-11-30
2013-12,1769232359.83,21315157.91,0.0,155.914736,2013-12-31
2014-01,1785065620.3,26234260.64,0.0,155.556132,2014-01-31
2014-02,1827814066.9,26157679.32,0.0,157.052914,2014-02-28
2014-03,1851723539.21,26991815.92,0.0,156.850224,2014-03-31
2014-04,1886727281.62,28232636.56,0.0,157.505066,2014-04-30
2014-05,1942536694.27,28923073.49,0.0,159.828196,2014-05-31
2014-06,1985034146.15,29838273.4,0.0,160.919599,2014-06-30
2014-07,2025780049.55,32654826.33,0.0,161.683581,2014-07-31
2014-08,2074497014.48,30501537.85,0.0,163.195954,2014-08-31
2014-09,2093248917.47,27198513.57,0.0,162.665844,2014-09-30
2014-10,2126233013.72,30051881.14,0.0,162.1981,2014-10-31
2014-11,2174489914.54,30094924.49,0.0,164.474455,2014-11-30
2014-12,2196036003.51,29997239.4,0.0,163.862435,2014-12-31
2015-01,2290066938.81,33466577.85,0.0,168.712763,2015-01-31
2015-02,2340556957.74,3860436.13,0.0,171.531197,2015-02-28
2015-03,2409625865.33,47765919.16,0.0,173.513932,2015-03-31
2015-04,2442585032.35,38827149.31,0.0,174.759286,2015-04-30
2015-05,2473211365.86,32617414.04,0.0,173.759726,2015-05-31
2015-06,2448584397.03,31836812.94,0.0,169.810641,2015-06-30
2015-07,2493467138.19,35490296.09,0.0,170.580794,2015-07-31
2015-08,2463133511.98,33546015.95,0.0,166.336757,2015-08-31
2015-09,2458496201.76,30211100.72,0.0,164.124614,2015-09-30
2015-10,2563482741.34,32026723.31,0.0,169.187964,2015-10-31
2015-11,2621052353.66,32398726.15,0.0,170.859361,2015-11-30
2015-12,2609161863.48,32982160.21,0.0,168.034745,2015-12-31
2016-01,2600214537.84,36286528.67,0.0,164.169946,2016-01-28
2016-02,2629449760.02,32113704.3,0.0,164.304374,2016-02-25
2016-03,2686817614.81,32495226.62,0.0,166.824895,2016-03-31
2016-04,2724695157.08,33464152.8,0.0,168.017942,2016-04-28
2016-05,2773951508.33,35065201.56,0.0,168.017942,2016-05-26
2016-06,2803965921.51,35157170.44,0.0,168.15237,2016-06-30
2016-07,2884246045.98,38684518.38,0.0,170.840926,2016-07-28
2016-08,2930694825.11,35591459.84,0.0,171.059371,2016-08-25
2016-09,2950360325.17,24614630.71,0.0,171.361833,2016-09-29
2016-10,2987934101.52,41553757.96,0.0,171.664296,2016-10-27
2016-11,3032965997.94,35810209.96,0.0,171.664296,2016-11-24
2016-12,3093133462.46,35585086.88,0.0,173.513376,2016-12-31
2017-01,3130700968.58,39327636.06,0.0,173.548078,2017-01-31
2017-02,3210847465.14,34757567.34,0.0,176.133428,2017-02-28
2017-03,3256044022.08,35238354.59,0.0,176.653968,2017-03-31
2017-04,3295850699.28,36085538.9,0.0,177.226562,2017-04-30
2017-05,3327040426.88,38289506.96,0.0,177.035697,2017-05-31
2017-06,3346477822.01,37432590.55,0.0,176.341644,2017-06-30
2017-07,3390597093.36,41664287.92,0.0,176.463103,2017-07-31
2017-08,3433177084.17,39857877.9,0.0,176.706022,2017-08-31
2017-09,3487050095.76,35737509.86,0.0,177.556237,2017-09-28
2017-10,3569800650.87,38267940.68,0.0,180.106884,2017-10-31
2017-11,3590770112.95,38256681.0,0.0,179.41283,2017-11-30
2017-12,3633297113.16,39204147.91,0.0,179.971583,2017-12-31
2018-01,3694768686.99,44494910.39,0.0,180.709467,2018-01-31
2018-02,3697906289.31,31735512.03,0.0,179.413671,2018-02-28
2018-03,3694078344.94,26927277.0,0.0,177.379992,2018-03-29
2018-04,3759500719.06,39312995.81,0.0,179.305688,2018-04-30
2018-05,3809494434.8,34913482.91,0.0,180.151555,2018-05-31
2018-06,3822833908.92,24843044.0,0.0,179.539651,2018-06-28
2018-07,3906661833.91,48239901.64,0.0,181.357364,2018-07-30
2018-08,3941229783.31,36152252.87,0.0,181.519339,2018-08-30
2018-09,3980504725.99,34491153.24,0.0,181.771299,2018-09-30
2018-10,3949720070.11,35730791.48,0.0,178.837762,2018-10-31
2018-11,3992273584.24,35313930.99,0.0,179.089722,2018-11-29
2018-12,3932703954.0,36038054.8,0.0,174.973117,2018-12-31
2019-01,4072758804.13,41228603.2,0.0,179.732386,2019-01-31
2019-02,4146587837.32,35774865.1,0.0,181.552106,2019-02-28
2019-03,4209712992.6,36844297.18,0.0,182.82941,2019-03-31
2019-04,4288094779.56,37707148.45,0.0,184.91159,2019-04-30
2019-05,4262963770.31,39128283.12,0.0,182.514459,2019-05-30
2019-06,4361823810.99,38599725.99,0.0,184.71912,2019-06-30
2019-07,4437799861.84,40929577.19,0.0,186.293878,2019-07-31
2019-08,4454271987.88,39992617.47,0.0,184.98158,2019-08-29
2019-09,4542015361.21,38250089.36,0.0,187.571182,2019-09-30
2019-10,4586184319.46,39241834.17,0.0,187.816144,2019-10-31
2019-11,4675306858.45,38978957.42,0.0,190.213276,2019-11-28
2019-12,4752254110.75,38276519.09,0.0,191.667307,2019-12-31
2020-01,4799338702.68,45147598.92,0.0,193.277312,2020-01-29
2020-02,4703921653.62,39760244.17,0.0,188.715631,2020-02-27
2020-03,4452759771.39,39845634.21,0.0,173.439746,2020-03-29
2020-04,4690947020.82,35800743.54,0.0,182.294776,2020-04-27
2020-05,4776729014.62,40024512.41,0.0,184.824784,2020-05-26
2020-06,4876182903.17,33627283.53,0.0,187.910628,2020-06-24
2020-07,4919571317.27,18032343.24,0.0,190.958138,2020-07-23
2020-08,5040195447.57,47231385.39,0.0,190.996472,2020-08-23
2020-09,5033685581.36,16723862.65,0.0,190.785637,2020-09-30
2020-10,5011488750.25,17961734.53,0.0,189.712301,2020-10-29
2020-11,5227526495.67,17050901.09,0.0,197.647327,2020-11-29
2020-12,5292876490.75,17200599.58,0.0,198.819898,2020-12-31
2021-01,5331294025.85,18238594.43,0.0,199.694706,2021-01-31
2021-02,5272761493.51,15393654.93,0.0,201.185855,2021-02-28
2021-03,5383906847.68,16205644.68,0.0,206.514228,2021-03-31
2021-04,5392791356.4,19064644.8,0.0,208.721129,2021-04-29
2021-05,5436220259.53,18145028.12,0.0,210.092986,2021-05-31
2021-06,5535294041.13,17607717.3,0.0,213.313869,2021-06-30
2021-07,5582306562.56,18504224.29,0.0,215.143012,2021-07-29
2021-08,5664064253.95,18302480.46,0.0,217.548733,2021-08-31
2021-09,4229331629.94,14031503.44,123976.17,214.92431,2021-09-30
2021-10,4351471671.84,33993434.64,406564.63,219.994217,2021-10-31
2021-11,4394351982.28,34378436.58,422834.93,220.849143,2021-11-30
2021-12,4477328394.25,34652414.52,444098.13,224.129671,2021-12-30
2022-01,4302901920.24,38390492.04,507191.53,218.763982,2022-01-31
2022-02,4273205059.7,34902132.04,490923.54,215.832808,2022-02-28
2022-03,4365752721.45,34531628.29,504829.49,219.010111,2022-03-31
2022-04,4316069735.53,35920517.12,550057.93,215.362925,2022-04-28
2022-05,4091904960.79,36776657.63,559657.2,211.738116,2022-05-31
2022-06,3944419915.4,35880875.84,538618.15,202.653716,2022-06-30
2022-07,4187401468.23,37957358.72,556765.31,213.483394,2022-07-31
2022-08,4170670188.87,37139569.97,558156.79,211.133981,2022-08-31
2022-09,3906268241.67,34971113.81,538006.18,202.318085,2022-09-29
2022-10,4022099594.91,36210074.42,580248.35,206.457529,2022-10-31
2022-11,4143855975.52,36039847.73,563048.27,211.111605,2022-11-30
2022-12,4041686794.28,36661908.29,574009.29,204.958379,2022-12-29
2023-01,4405516437.89,298206897.52,5165669.84,211.575953,2023-01-31
2023-02,4423357635.42,36603358.15,595662.7,210.921995,2023-02-28
2023-03,4464428129.63,37497777.43,619345.62,210.165856,2023-03-30
2023-04,4492251669.09,38468568.13,661122.93,210.247601,2023-04-30
2023-05,4510044610.0,40170133.25,679654.22,213.90568,2023-05-31
2023-06,4612645163.91,38482860.19,659906.22,216.276279,2023-06-29
2023-07,4733003092.33,39389563.5,655092.63,221.221839,2023-07-31
2023-08,4726899409.96,41099438.45,681428.82,219.300836,2023-08-31
2023-09,4633891382.59,37631496.79,626326.36,216.950673,2023-09-28
2023-10,4577587852.08,39170141.99,666308.36,212.986051,2023-10-31
2023-11,4789748548.07,38404657.5,654317.67,221.303583,2023-11-30
2023-12,4951655320.15,38652827.16,659654.56,227.379871,2023-12-31
2024-01,4972304007.72,42104125.18,700358.46,230.449499,2024-01-30
2024-02,5103379531.5,38578448.11,667870.81,233.791983,2024-02-28
2024-03,5290178998.67,39618907.24,705595.85,240.181358,2024-03-28
2024-04,5265236347.73,40442954.7,740128.38,238.771603,2024-04-28
2024-05,5333491617.52,41615261.55,755081.09,244.728955,2024-05-27
2024-06,5496401040.54,40304831.54,710078.81,248.594413,2024-06-25
2024-07,5556790827.9,42226586.56,719101.61,248.480723,2024-07-24
2024-08,5599026097.61,41298073.78,731824.24,248.230605,2024-08-22
2024-09,5634529873.91,39771407.86,693795.43,250.822736,2024-09-22
2024-10,5691338111.46,40438546.94,706606.9,257.985202,2024-10-26
2024-11,5954313618.6,40246363.53,731230.48,263.715174,2024-11-23
2024-12,5966947289.77,40726242.3,752412.13,264.040074,2024-12-31
2025-01,6115053346.14,45103957.25,808978.87,270.746691,2025-01-30
2025-02,6093601775.6,45219424.16,864265.71,269.109643,2025-02-27
2025-03,5812514315.67,46588527.79,895783.44,254.561035,2025-03-31
2025-04,5696938956.14,48087215.3,988431.41,247.009489,2025-04-30
2025-05,5923664694.27,49690763.1,991310.18,258.970504,2025-05-29
2025-06,6010632733.74,47970700.34,914386.13,260.765977,2025-06-30
2025-07,6245912345.47,49764778.85,944169.81,269.004027,2025-07-31
2025-08,6320963879.86,48580266.46,943651.72,270.350631,2025-08-31
2025-09,6458859760.72,46927451.87,896850.68,277.453309,2025-09-30
2025-10,6710973348.02,47809363.48,906361.34,286.166632,2025-10-31
2025-11,6732288577.79,47746024.79,932256.32,285.480128,2025-11-30
2025-12,6806371401.77,48253777.02,985748.12,287.494659,2025-12-31
2026-01,6904220016.16,51139141.79,1053917.73,292.008325,2026-01-31
2026-02,7054277342.98,48513113.16,1033725.66,295.803254,2026-02-28
2026-03,6749141956.28,51421256.93,1100995.56,280.479789,2026-03-31
2026-04,7255700844.46,52142303.6,1127953.74,298.591953,2026-04-30
2026-05,7575910323.84,53683531.18,1159014.93,313.742921,2026-05-31
2026-06,7687952459.88,51522470.89,1075716.8,316.416621,2026-06-30
2026-07,7658502352.16,53721197.72,1096695.64,311.701709,2026-07-31
2026-08,7920753362.86,,,320.81529,2026-08-27
